id,pokemon,species,genus,family
1,bulbasaur,Megophrys montana,Megophrys,Megophryidae
1,bulbasaur,Allium cepa L.,Allium,Amaryllidaceae
2,ivysaur,Megophrys montana,Megophrys,Megophryidae
2,ivysaur,Rafflesia arnoldii,Rafflesia,Rafflesiaceae
3,venusaur,Megophrys montana,Megophrys,Megophryidae
3,venusaur,Rafflesia arnoldii,Rafflesia,Rafflesiaceae
4,charmander,Anolis sagrei,Anolis,Dactyloidae
5,charmeleon,Anolis sagrei,Anolis,Dactyloidae
6,charizard,Draco volans,Draco,Agamidae
7,squirtle,Mauremys japonica marmorata,Mauremys,Geoemydidae
8,wartortle,Mauremys japonica marmorata,Mauremys,Geoemydidae
9,blastoise,Mauremys japonica marmorata,Mauremys,Geoemydidae
10,caterpie,Papilio xuthus,Papilio,Papilionidae
11,metapod,Papilio xuthus,Papilio,Papilionidae
12,butterfree,Aporia crataegi,Aporia,Pieridae
13,weedle,Apis cerana,Apis,Apidae
14,kakuna,Apis cerana,Apis,Apidae
15,beedrill,Apis cerana,Apis,Apidae
16,pidgey,Passer domesticus,Passer,Passeridae
17,pidgeotto,Passer domesticus,Passer,Passeridae
18,pidgeot,Passer domesticus,Passer,Passeridae
19,rattata,Neotoma cinerea,Neotoma,Cricetidae
19,rattata-alola,Rattus rattus,Rattus,Muridae
20,raticate,Ondatra zibethicus,Ondatra,Cricetidae
20,raticate-alola,Rattus rattus,Rattus,Muridae
21,spearow,Lanius tigrinus,Lanius,Laniidae
22,fearow,Anhinga anhinga,Anhinga,Anhingidae
23,ekans,Crotalus adamanteus,Crotalus,Viperidae
24,arbok,Naja naja,Naja,Elapidae
25,pikachu,Ochotona macrotis,Ochotona,Ochotonidae
26,raichu,Ochotona macrotis,Ochotona,Ochotonidae
27,sandshrew-alola,Smutsia temminckii,Smutsia,Manidae
27,sandshrew,Smutsia temminckii,Smutsia,Manidae
28,sandslash-alola,Smutsia temminckii,Smutsia,Manidae
28,sandslash,Smutsia temminckii,Smutsia,Manidae
29,nidoran-f,Pentalagus furnessi,Pentalagus,Leporidae
30,nidorina,Ceratotherium simum,Ceratotherium,Rhinocerotidae
31,nidoqueen,Ceratotherium simum,Ceratotherium,Rhinocerotidae
32,nidoran-m,Pentalagus furnessi,Pentalagus,Leporidae
33,nidorino,Ceratotherium simum,Ceratotherium,Rhinocerotidae
34,nidoking,Ceratotherium simum,Ceratotherium,Rhinocerotidae
35,clefairy,Antilocapra americana,Antilocapra,Antilocapridae
36,clefable,Antilocapra americana,Antilocapra,Antilocapridae
37,vulpix,Vulpes vulpes,Vulpes,Canidae
37,vulpix-alola,Vulpes lagopus,Vulpes,Canidae
38,ninetales-alola,Vulpes lagopus,Vulpes,Canidae
38,ninetales,Vulpes vulpes,Vulpes,Canidae
39,jigglypuff,Oryctolagus cuniculus,Oryctolagus,Leporidae
40,wigglytuff,Oryctolagus cuniculus,Oryctolagus,Leporidae
41,zubat,Desmodus rotundus,Desmodus,Phyllostomidae
42,golbat,Desmodus rotundus,Desmodus,Phyllostomidae
43,oddish,Raphanus sativus,Raphanus,Brassicaceae
44,gloom,Rafflesia hasseltii,Rafflesia,Rafflesiaceae
45,vileplume,Rafflesia hasseltii,Rafflesia,Rafflesiaceae
46,paras,Diceroprocta olympusa,Diceroprocta,Cicadidae
46,paras,Ophiocordyceps sinensis,Ophiocordyceps,Ophiocordycipitaceae
47,parasect,Diceroprocta olympusa,Diceroprocta,Cicadidae
47,parasect,Ophiocordyceps sinensis,Ophiocordyceps,Ophiocordycipitaceae
48,venonat,Pringleophaga marioni,Pringleophaga,Tineidae
49,venomoth,Chrysiridia rhipheus,Chrysiridia,Uraniidae
50,diglett,Mogera wogura,Mogera,Tulpidae
50,diglett-alola,Mogera wogura,Mogera,Tulpidae
51,dugtrio,Mogera wogura,Mogera,Tulpidae
51,dugtrio,Mogera wogura,Mogera,Tulpidae
52,meowth,Felis catus,Felis,Felidae
52,meowth-galar,Felis silvestris,Felis,Felidae
52,meowth-alola,Felis catus,Felis,Felidae
53,persian-alola,Felis catus,Felis,Felidae
53,persian,Felis catus,Felis,Felidae
54,psyduck,Anas platyrhynchos,Anas,Anatidae
55,golduck,Anas platyrhynchos,Anas,Anatidae
56,mankey,Macaca nemestrina,Macaca,Cercopithecidae
57,primeape,Macaca nemestrina,Macaca,Cercopithecidae
58,growlithe,Panthera leo,Panthera,Felidae
58,growlithe-hisui,Panthera leo,Panthera,Felidae
58,growlithe,Canis familiaris,Canis,Canidae
58,growlithe-hisui,Canis familiaris,Canis,Canidae
59,arcanine,Canis familiaris,Canis,Canidae
59,arcanine-hisui,Canis familiaris,Canis,Canidae
59,arcanine,Panthera leo,Panthera,Felidae
59,arcanine-hisui,Panthera leo,Panthera,Felidae
60,poliwag,Cochranella mache,Cochranella,Centrolenidae
61,poliwhirl,Cochranella mache,Cochranella,Centrolenidae
62,poliwrath,Cochranella mache,Cochranella,Centrolenidae
63,abra,Didelphis virginiana,Didelphis,Didelphidae
64,kadabra,Didelphis virginiana,Didelphis,Didelphidae
65,alakazam,Didelphis virginiana,Didelphis,Didelphidae
66,machop,Oreamnos americanus,Oreamnos,Bovidae
67,machoke,Oreamnos americanus,Oreamnos,Bovidae
68,machamp,Oreamnos americanus,Oreamnos,Bovidae
69,bellsprout,Nepenthes ampullaria,Nepenthes,Nepenthaceae
70,weepinbell,Nepenthes ampullaria,Nepenthes,Nepenthaceae
71,victreebel,Nepenthes ampullaria,Nepenthes,Nepenthaceae
72,tentacool,Chironex fleckeri,Chironex,Chirodropidae
73,tentacruel,Chironex fleckeri,Chironex,Chirodropidae
74,geodude,Rupicapra rupicapra,Rupicapra,Bovidae
75,graveler,Rupicapra rupicapra,Rupicapra,Bovidae
76,golem,Rupicapra rupicapra,Rupicapra,Bovidae
77,ponyta-galar,Equus ferus,Equus,Equidae
77,ponyta,Equus ferus,Equus,Equidae
78,rapidash-galar,Equus ferus,Equus,Equidae
78,rapidash,Equus ferus,Equus,Equidae
79,slowpoke,Choeropsis liberiensis,Choeropsis,Hippopotamidae
79,slowpoke,,,
79,slowpoke-galar,Choeropsis liberiensis,Choeropsis,Hippopotamidae
79,slowpoke-galar,,,
80,slowbro-galar,Choeropsis liberiensis,Choeropsis,Hippopotamidae
80,slowbro-galar,,,
80,slowbro,Choeropsis liberiensis,Choeropsis,Hippopotamidae
80,slowbro,,,
81,magnemite,Blattella germanica,Blattella,Ectobiidae
82,magneton,Blattella germanica,Blattella,Ectobiidae
83,farfetchd,Allium fistulosum,Allium,Amaryllidaceae
83,farfetchd,Anas platyrhynchos,Anas,Anatidae
83,farfetchd-galar,Allium ampeloprasum,Allium,Amaryllidaceae
83,farfetchd-galar,Anas platyrhynchos,Anas,Anatidae
84,doduo,Struthio camelus,Struthio,Struthionidae
85,dodrio,Struthio camelus,Struthio,Struthionidae
86,seel,Pagophilus groenlandicus,Pagophilus,Phocidae
87,dewgong,Pagophilus groenlandicus,Pagophilus,Phocidae
88,grimer,Stachybotrys chartarum,Stachybotrys,Stachybotryaceae
89,muk,Stachybotrys chartarum,Stachybotrys,Stachybotryaceae
90,shellder,Pecten maximus,Pecten,Pectinidae
91,cloyster,Spondylus americanus,Spondylus,Spondylidae
92,gastly,Procyon pygmaeus,Procyon,Procyonidae
93,haunter,Procyon pygmaeus,Procyon,Procyonidae
94,gengar,Procyon pygmaeus,Procyon,Procyonidae
95,onix,Python sebae,Python,Pythonidae
96,drowzee,Tapirus indicus,Tapirus,Tapiridae
97,hypno,Tapirus indicus,Tapirus,Tapiridae
98,krabby,Heikeopsis japonica,Heikeopsis,Dorippidae
99,kingler,Heikeopsis japonica,Heikeopsis,Dorippidae
100,voltorb,Aleurites moluccanus,Aleurites,Euphorbiaceae
100,voltorb-hisui,Juglans regia,Juglans,Juglandaceae
101,electrode,Aleurites moluccanus,Aleurites,Euphorbiaceae
101,electrode-hisui,Juglans regia,Juglans,Juglandaceae
102,exeggcute,Cocos nucifera,Cocos,Arecaceae
103,exeggutor,Cocos nucifera,Cocos,Arecaceae
103,exeggutor-alola,Cocos nucifera,Cocos,Arecaceae
104,cubone,Varanus exanthematicus,Varanus,Varanidae
105,marowak,Varanus exanthematicus,Varanus,Varanidae
105,marowak-alola,Varanus indicus,Varanus,Varanidae
106,hitmonlee,Pan paniscus,Pan,Hominidae
107,hitmonchan,Pan paniscus,Pan,Hominidae
108,lickitung,Plethodon cinereus,Plethodon,Plethodontidae
109,koffing,Pestalotiopsis microspora,Pestalotiopsis,Sporocadaceae
110,weezing,Pestalotiopsis microspora,Pestalotiopsis,Sporocadaceae
110,weezing-galar,Pestalotiopsis microspora,Pestalotiopsis,Sporocadaceae
111,rhyhorn,Rhinoceros unicornis,Rhinoceros,Rhinocerotidae
112,rhydon,Rhinoceros unicornis,Rhinoceros,Rhinocerotidae
113,chansey,Dromiciops gliroides,Dromiciops,Microbiotheriidae
114,tangela,Selaginella lepidophylla,Selaginella,Selaginella
115,kangaskhan,Dendrolagus inustus,Dendrolagus,Macropodidae
116,horsea,Hippocampus abdominalis,Hippocampus,Syngnathidae
117,seadra,Hippocampus abdominalis,Hippocampus,Syngnathidae
118,goldeen,Carassius auratus,Carassius,Cyprinidae
119,seaking,Carassius auratus,Carassius,Cyprinidae
120,staryu,Asterias rubens,Asterias,Asteriidae
121,starmie,Asterias rubens,Asterias,Asteriidae
122,mr-mime,Cimex lectularius,Cimex,Cimicidae
122,mr-mime-galar,Cimex lectularius,Cimex,Cimicidae
123,scyther,Mantis religiosa,Mantis,Mantidae
124,jynx,Aethotaxis mitopteryx,Aethotaxis,Nototheniidae
125,electabuzz,Panthera tigris,Panthera,Felidae
126,magmar,Sula sula,Sula,Sulidae
127,pinsir,Prosopocoilus inclinatus,Prosopocoilus,Lucanidae
128,tauros,Bos taurus,Bos,Bovidae
128,tauros-paldea,Bos taurus,Bos,Bovidae
129,magikarp,Hypophthalmichthys molitrix,Hypophthalmichthys,Xenocyprididae
130,gyarados,Hydrophis platurus,Hydrophis,Elapidae
131,lapras,Chelonia mydas,Chelonia,Cheloniidae
131,lapras,Megaptera novaeangliae,Megaptera,Balaenopteridae
132,ditto,Plantago cornuti,Plantago,Plantaginaceae
133,eevee,Canis familiaris,Canis,Canidae
133,eevee,Felis catus,Felis,Felidae
133,eevee,Vulpes macrotis,Vulpes,Canidae
134,vaporeon,Ictalurus furcatus,Ictalurus,Ictaluridae
134,vaporeon,Canis familiaris,Canis,Canidae
134,vaporeon,Felis catus,Felis,Felidae
135,jolteon,Canis familiaris,Canis,Canidae
135,jolteon,Felis catus,Felis,Felidae
135,jolteon,Acinonyx jubatus,Acinonyx,Felidae
136,flareon,Canis familiaris,Canis,Canidae
136,flareon,Felis catus,Felis,Felidae
136,flareon,Vulpes vulpes,Vulpes,Canidae
137,porygon,Lonchura striata,Lonchura,Estrildidae
138,omanyte,Spirula spirula,Spirula,Spirulidae
139,omastar,Spirula spirula,Spirula,Spirulidae
140,kabuto,Carcinoscorpius rotundicauda,Carcinoscorpius,Limulidae
141,kabutops,Carcinoscorpius rotundicauda,Carcinoscorpius,Limulidae
142,aerodactyl,Balaeniceps rex,Balaeniceps,Balaenicipitidae
143,snorlax,Ursus arctos,Ursus,Ursidae
144,articuno-galar,Anthracothorax mango,Anthracothorax,Trochilidae
144,articuno,Cyanocorax formosus,Cyanocorax,Corvidae
145,zapdos-galar,Geococcyx californianus,Geococcyx,Cuculidae
145,zapdos,Trochilus polytmus,Trochilus,Trochilidae
146,moltres-galar,Phalacrocorax carbo,Phalacrocorax,Phalacrocoracidae
146,moltres,Ardea cinerea,Ardea,Ardeidae
147,dratini,Hydrophis platurus,Hydrophis,Elapidae
148,dragonair,Hydrophis platurus,Hydrophis,Elapidae
149,dragonite,Varanus salvator,Varanus,Varanidae
150,mewtwo,Felis catus,Felis,Felidae
151,mew,Felis catus,Felis,Felidae
152,chikorita,Cichorium endivia,Cichorium,Asteraceae
153,bayleef,Laurus nobilis,Laurus,Lauraceae
154,meganium,Amorphophallus titanum,Amorphophallus,Araceae
155,cyndaquil,Erethizon dorsatum,Erethizon,Erethizontidae
156,quilava,Hystrix cristata,Hystrix,Hystricidae
156,quilava,Cuniculus paca,Cuniculus,Cuniculidae
157,typhlosion,Meles meles,Meles,Mustelidae
157,typhlosion-hisui,Meles anakuma,Meles,Mustelidae
158,totodile,Alligator mississippiensis,Alligator,Alligatoridae
159,croconaw,Alligator mississippiensis,Alligator,Alligatoridae
160,feraligatr,Alligator mississippiensis,Alligator,Alligatoridae
161,sentret,Petaurista leucogenys,Petaurista,Sciuridae
162,furret,Mustela furo,Mustela,Mustelidae
163,hoothoot,Bubo bubo,Bubo,Strigidae
164,noctowl,Bubo bubo,Bubo,Strigidae
165,ledyba,Coccinella septempunctata,Coccinella,Coccinellidae
166,ledian,Coccinella septempunctata,Coccinella,Coccinellidae
167,spinarak,Theridion grallator,Theridion,Theridiidae
168,ariados,Myrmarachne formicaria,Myrmarachne,Salticidae
169,crobat,Desmodus rotundus,Desmodus,Phyllostomidae
170,chinchou,Himantolophus paucifilosus,Himantolophus,Himantolophidae
171,lanturn,Himantolophus paucifilosus,Himantolophus,Himantolophidae
172,pichu,Ochotona macrotis,Ochotona,Ochotonidae
173,cleffa,Antilocapra americana,Antilocapra,Antilocapridae
174,igglybuff,Oryctolagus cuniculus,Oryctolagus,Leporidae
175,togepi,Aegithalos caudatus,Aegithalos,Aegithalidae
176,togetic,Aegithalos caudatus,Aegithalos,Aegithalidae
177,natu,Pharomachrus antisianus,Pharomachrus,Trogonidae
178,xatu,Pharomachrus antisianus,Pharomachrus,Trogonidae
179,mareep,Ovis aries,Ovis,Bovidae
180,flaaffy,Ovis aries,Ovis,Bovidae
181,ampharos,Ovis aries,Ovis,Bovidae
182,bellossom,Rafflesia keithii,Rafflesia,Rafflesiaceae
183,marill,Arvicola amphibius,Arvicola,Arvicolinae
184,azumarill,Sylvilagus aquaticus,Sylvilagus,Leporidae
185,sudowoodo,Ficus carica,Ficus,Moraceae
186,politoed,Cochranella mache,Cochranella,Centrolenidae
187,hoppip,Hypochaeris radicata,Hypochaeris,Asteraceae
188,skiploom,Hypochaeris radicata,Hypochaeris,Asteraceae
189,jumpluff,Hypochaeris radicata,Hypochaeris,Asteraceae
190,aipom,Saguinus midas,Saguinus,Callitrichidae
191,sunkern,Helianthus annuus,Helianthus,Heliantheae
192,sunflora,Helianthus annuus,Helianthus,Heliantheae
193,yanma,Sympetrum pedemontanum,Sympetrum,Libellulidae
194,wooper-paldea,Pleurodeles waltl,Pleurodeles,Salamandridae
194,wooper,Ambystoma mexicanum,Ambystoma,Ambystomatidae
195,quagsire,Cryptobranchus alleganiensis,Cryptobranchus,Cryptobranchidae
196,espeon,Canis familiaris,Canis,Canidae
196,espeon,Felis catus,Felis,Felidae
196,espeon,Caracal caracal,Caracal,Felidae
197,umbreon,Canis familiaris,Canis,Canidae
197,umbreon,Felis catus,Felis,Felidae
197,umbreon,Lupulella mesomelas,Lupulella,Canidae
198,murkrow,Corvus corone,Corvus,Corvidae
199,slowking,Choeropsis liberiensis,Choeropsis,Hippopotamidae
200,misdreavus,Nyctibius grandis,Nyctibius,Nyctibiidae
201,unown,Sphenodon punctatus,Sphenodon,Sphenodontidae
202,wobbuffet,Typhlophis squamosus,Typhlophis,Anomalepididae
203,girafarig,Giraffa giraffa,Giraffa,Giraffidae
204,pineco,Cydia saltitans,Cydia,Tortricidae
205,forretress,Cydia saltitans,Cydia,Tortricidae
205,forretress,Aesculus glabra,Aesculus,Sapindaceae
206,dunsparce,Cirriformia capensis,Cirriformia,Cirratulidae
207,gligar,Desmodus rotundus,Desmodus,Phyllostomidae
207,gligar,Pandinus imperator,Pandinus,Scorpionidae
208,steelix,Python sebae,Python,Pythonidae
209,snubbull,Canis familiaris,Canis,Canidae
210,granbull,Canis familiaris,Canis,Canidae
211,qwilfish,Allomycterus pilatus,Allomycterus,Diodontidae
212,scizor,Climaciella brunnea,Climaciella,Mantispidae
213,shuckle,Ceroplastes cirripediformis,Ceroplastes,Coccidae
214,heracross,Allomyrina dichotoma,Allomyrina,Scarabaeidae
215,sneasel-hisui,Mustela haidarum,Mustela,Mustelidae
215,sneasel,Mustela haidarum,Mustela,Mustelidae
216,teddiursa,Ursus thibetanus,Ursus,Ursidae
217,ursaring,Ursus thibetanus,Ursus,Ursidae
218,slugma,Arion ater,Arion,Arionidae
219,magcargo,Chrysomallon squamiferum,Chrysomallon,Peltospiridae
220,swinub,Sus scrofa,Sus,Suidae
220,swinub,Cavia porcellus,Cavia,Caviidae
221,piloswine,Sus scrofa,Sus,Suidae
222,corsola,Acropora cervicornis,Acropora,Acroporidae
223,remoraid,Remora remora,Remora,Echeneidae
224,octillery,Octopus rubescens,Octopus,Octopodidae
225,delibird,Eudyptes moseleyi,Eudyptes,Spheniscidae
226,mantine,Mobula alfredi,Mobula,Mobulidae
227,skarmory,Vultur gryphus,Vultur,Cathartidae
228,houndour,Canis familiaris,Canis,Canidae
229,houndoom,Canis familiaris,Canis,Canidae
230,kingdra,Hippocampus coronatus,Hippocampus,Syngnathidae
231,phanpy,Elephas maximus,Elephas,Elephantidae
232,donphan,Elephas maximus,Elephas,Elephantidae
233,porygon2,Lonchura striata,Lonchura,Estrildidae
234,stantler,Rangifer tarandus,Rangifer,Cervidae
235,smeargle,Canis familiaris,Canis,Canidae
236,tyrogue,Pan paniscus,Pan,Hominidae
237,hitmontop,Pan paniscus,Pan,Hominidae
238,smoochum,Aethotaxis mitopteryx,Aethotaxis,Nototheniidae
239,elekid,Panthera tigris,Panthera,Felidae
240,magby,Sula sula,Sula,Sulidae
241,miltank,Bos taurus,Bos,Bovidae
242,blissey,Dromiciops gliroides,Dromiciops,Microbiotheriidae
243,raikou,Panthera tigris,Panthera,Felidae
244,entei,Panthera leo,Panthera,Felidae
245,suicune,Panthera pardus,Panthera,Felidae
246,larvitar,Amblyrhynchus cristatus,Amblyrhynchus,Iguanidae
247,pupitar,Amblyrhynchus cristatus,Amblyrhynchus,Iguanidae
248,tyranitar,Amblyrhynchus cristatus,Amblyrhynchus,Iguanidae
249,lugia,Delphinapterus leucas,Delphinapterus,Monodontidae
250,ho-oh,Chrysolophus pictus,Chrysolophus,Phasianidae
251,celebi,Amaryllis belladonna,Amaryllis,Amaryllidaceae
252,treecko,Anolis carolinensis,Anolis,Dactyloidae
253,grovyle,Anolis carolinensis,Anolis,Dactyloidae
254,sceptile,Anolis carolinensis,Anolis,Dactyloidae
255,torchic,Gallus gallus,Gallus,Phasianidae
256,combusken,Gallus gallus,Gallus,Phasianidae
257,blaziken,Gallus gallus,Gallus,Phasianidae
258,mudkip,Ambystoma mexicanum,Ambystoma,Ambystomatidae
259,marshtomp,Ambystoma mexicanum,Ambystoma,Ambystomatidae
260,swampert,Ambystoma mexicanum,Ambystoma,Ambystomatidae
261,poochyena,Hyaena hyaena,Hyaena,Hyaenidae
262,mightyena,Hyaena hyaena,Hyaena,Hyaenidae
263,zigzagoon-galar,Procyon lotor,Procyon,Procyonidae
263,zigzagoon,Procyon lotor,Procyon,Procyonidae
264,linoone-galar,Procyon lotor,Procyon,Procyonidae
264,linoone,Procyon lotor,Procyon,Procyonidae
265,wurmple,Cerura vinula,Cerura,Notodontidae
266,silcoon,Papilio machaon,Papilio,Papilionidae
267,beautifly,Papilio machaon,Papilio,Papilionidae
268,cascoon,Actias gnoma,Actias,Saturniidae
269,dustox,Actias gnoma,Actias,Saturniidae
270,lotad,Nymphaea odorata,Nymphaea,Nymphaeaceae
271,lombre,Nymphaea odorata,Nymphaea,Nymphaeaceae
272,ludicolo,Nymphaea odorata,Nymphaea,Nymphaeaceae
273,seedot,Quercus alba,Quercus,Fagaceae
274,nuzleaf,Quercus alba,Quercus,Fagaceae
275,shiftry,Quercus alba,Quercus,Fagaceae
276,taillow,Hirundo rustica,Hirundo,Hirundinidae
277,swellow,Hirundo rustica,Hirundo,Hirundinidae
278,wingull,Larus canus,Larus,Laridae
279,pelipper,Pelecanus occidentalis,Pelecanus,Pelicanidae
280,ralts,Eulamprus kosciuskoi,Eulamprus,Scincidae
281,kirlia,Eulamprus kosciuskoi,Eulamprus,Scincidae
282,gardevoir,Eulamprus kosciuskoi,Eulamprus,Scincidae
283,surskit,Aquarius conformis,Aquarius,Gerridae
284,masquerain,Bittacomorpha clavipes,Bittacomorpha,Ptychopteridae
285,shroomish,Lycoperdon curtisii,Lycoperdon,Lycoperdaceae
286,breloom,Amanita muscaria,Amanita,Amanitaceae
287,slakoth,Choloepus didactylus,Choloepus,Choloepodidae
288,vigoroth,Choloepus didactylus,Choloepus,Choloepodidae
289,slaking,Choloepus didactylus,Choloepus,Choloepodidae
290,nincada,Neotibicen auriferus,Neotibicen,Cicadidae
291,ninjask,Neotibicen auriferus,Neotibicen,Cicadidae
292,shedinja,Neotibicen auriferus,Neotibicen,Cicadidae
293,whismur,Oryctolagus cuniculus,Oryctolagus,Leporidae
294,loudred,Oryctolagus cuniculus,Oryctolagus,Leporidae
295,exploud,Oryctolagus cuniculus,Oryctolagus,Leporidae
296,makuhita,Helarctos malayanus,Helarctos,Ursidae
297,hariyama,Helarctos malayanus,Helarctos,Ursidae
298,azurill,Sminthopsis crassicaudata,Sminthopsis,Dasyuridae
299,nosepass,Jubaea chilensis,Jubaea,Arecaceae
300,skitty,Felis catus,Felis,Felidae
301,delcatty,Felis catus,Felis,Felidae
302,sableye,Tyto furcata,Tyto,Tytonidae
303,mawile,Melursus ursinus,Melursus,Ursidae
304,aron,Eurycea rathbuni,Eurycea,Plethodontidae
305,lairon,Eurycea rathbuni,Eurycea,Plethodontidae
306,aggron,Eurycea rathbuni,Eurycea,Plethodontidae
307,meditite,Euophrys omnisuperstes,Euophrys,Salticidae
308,medicham,Euophrys omnisuperstes,Euophrys,Salticidae
309,electrike,Chrysocyon brachyurus,Chrysocyon,Canidae
310,manectric,Chrysocyon brachyurus,Chrysocyon,Canidae
311,plusle,Mus musculus,Mus,Muridae
312,minun,Mus musculus,Mus,Muridae
313,volbeat,Cyphonocerus watarii,Cyphonocerus,Lampyridae
314,illumise,Cyphonocerus watarii,Cyphonocerus,Lampyridae
315,roselia,Rosa blanda,Rosa,Rosaceae
316,gulpin,Rhamphocottus richardsonii,Rhamphocottus,Rhamphocottidae
317,swalot,Rhamphocottus richardsonii,Rhamphocottus,Rhamphocottidae
318,carvanha,Pygocentrus nattereri,Pygocentrus,Serrasalmidae
319,sharpedo,Carcharodon carcharias,Carcharodon,Lamnidae
320,wailmer,Balaenoptera borealis,Balaenoptera,Balaenopteridae
321,wailord,Balaenoptera musculus,Balaenoptera,Balaenopteridae
322,numel,Camelus dromedarius,Camelus,Camelidae
323,camerupt,Camelus bactrianus,Camelus,Camelidae
324,torkoal,Chelonoidis carbonarius,Chelonoidis,Testudinidae
325,spoink,Sus domesticus,Sus,Suidae
326,grumpig,Sus domesticus,Sus,Suidae
327,spinda,Ailuropoda melanoleuca,Ailuropoda,Ursidae
328,trapinch,Myrmeleon immaculatus,Myrmeleon,Myrmeleontidae
329,vibrava,Myrmeleon immaculatus,Myrmeleon,Myrmeleontidae
330,flygon,Myrmeleon immaculatus,Myrmeleon,Myrmeleontidae
331,cacnea,Ferocactus flavovirens,Ferocactus,Cactaceae
332,cacturne,Carnegiea gigantea,Carnegiea,Cactaceae
333,swablu,Sialia currucoides,Sialia,Turdidae
334,altaria,Sialia currucoides,Sialia,Turdidae
335,zangoose,Urva urva,Urva,Herpestidae
336,seviper,Protobothrops flavoviridis,Protobothrops,Viperidae
337,lunatone,Gopherus agassizii,Gopherus,Testudinidae
338,solrock,Gopherus agassizii,Gopherus,Testudinidae
339,barboach,Misgurnus anguillicaudatus,Misgurnus,Cobitidae
340,whiscash,Amphilius brevis,Amphilius,Amphiliidae
341,corphish,Procambarus clarkii,Procambarus,Cambaridae
342,crawdaunt,Procambarus clarkii,Procambarus,Cambaridae
343,baltoy,Condylura cristata,Condylura,Talpidae
344,claydol,Condylura cristata,Condylura,Talpidae
345,lileep,Zygometra andromeda,Zygometra,Zygometridae
346,cradily,Zygometra andromeda,Zygometra,Zygometridae
347,anorith,Artemia monica,Artemia,Artemiidae
348,armaldo,Artemia monica,Artemia,Artemiidae
349,feebas,Micropterus nigricans,Micropterus,Centrarchidae
350,milotic,Regalecus glesne,Regalecus,Regalecidae
351,castform,Vermivora chrysoptera,Vermivora,Parulidae
352,kecleon,Calotes jerdoni,Calotes,Agamidae
353,shuppet,Anthrenus verbasci,Anthrenus,Dermestidae
354,banette,Anthrenus verbasci,Anthrenus,Dermestidae
355,duskull,Strix occidentalis,Strix,Strigidae
356,dusclops,Strix occidentalis,Strix,Strigidae
357,tropius,Musa acuminata,Musa,Musaceae
358,chimecho,Gambelia wislizenii,Gambelia,Crotaphytidae
359,absol,Panthera uncia,Panthera,Felidae
360,wynaut,Typhlophis squamosus,Typhlophis,Anomalepididae
361,snorunt,Chionomys nivalis,Chionomys,Cricetidae
362,glalie,Chionomys nivalis,Chionomys,Cricetidae
363,spheal,Arctocephalus gazella,Arctocephalus,Otariidae
364,sealeo,Arctocephalus gazella,Arctocephalus,Otariidae
364,sealeo,Odobenus rosmarus,Odobenus,Odobenidae
365,walrein,Arctocephalus gazella,Arctocephalus,Otariidae
365,walrein,Odobenus rosmarus,Odobenus,Odobenidae
366,clamperl,Dimya maoria,Dimya,Dimyidae
367,huntail,Chauliodus barbatus,Chauliodus,Stomiidae
368,gorebyss,Avocettina bowersii,Avocettina,Nemichthyidae
369,relicanth,Latimeria chalumnae,Latimeria,Latimeriidae
370,luvdisc,Symphysodon discus,Symphysodon,Cichlidae
371,bagon,,,
372,shelgon,,,
373,salamence,,,
374,beldum,,,
375,metang,,,
376,metagross,,,
377,regirock,,,
378,regice,,,
379,registeel,,,
380,latias,Caprimulgus europaeus,Caprimulgus,Caprimulgidae
381,latios,Caprimulgus europaeus,Caprimulgus,Caprimulgidae
382,kyogre,,,
383,groudon,,,
384,rayquaza,,,
385,jirachi,,,
386,deoxys-normal,,,
387,turtwig,Cuora amboinensis,Cuora,Geoemydidae
388,grotle,Chelydra serpentina,Chelydra,Chelydridae
389,torterra,Chelydra serpentina,Chelydra,Chelydridae
390,chimchar,Pan troglodytes,Pan,Hominidae
391,monferno,Rhinopithecus roxellana,Rhinopithecus,Cercopithecidae
392,infernape,Rhinopithecus roxellana,Rhinopithecus,Cercopithecidae
393,piplup,Aptenodytes forsteri,Aptenodytes,Spheniscidae
394,prinplup,Aptenodytes forsteri,Aptenodytes,Spheniscidae
395,empoleon,Aptenodytes forsteri,Aptenodytes,Spheniscidae
396,starly,Spodiopsar cineraceus,Spodiopsar,Sturnidae
397,staravia,Spodiopsar cineraceus,Spodiopsar,Sturnidae
398,staraptor,Spodiopsar cineraceus,Spodiopsar,Sturnidae
399,bidoof,Aplodontia rufa,Aplodontia,Aplodontiidae
400,bibarel,Aplodontia rufa,Aplodontia,Aplodontiidae
401,kricketot,Acheta domesticus,Acheta,Gryllidae
402,kricketune,Acheta domesticus,Acheta,Gryllidae
403,shinx,Lynx rufus,Lynx,Felidae
404,luxio,Lynx rufus,Lynx,Felidae
405,luxray,Lynx rufus,Lynx,Felidae
406,budew,Rosa blanda,Rosa,Rosaceae
407,roserade,Rosa blanda,Rosa,Rosaceae
408,cranidos,,,
409,rampardos,,,
410,shieldon,,,
411,bastiodon,,,
412,burmy,Phereoeca uterella,Phereoeca,Tineidae
413,wormadam-plant,Phereoeca uterella,Phereoeca,Tineidae
414,mothim,Phereoeca uterella,Phereoeca,Tineidae
415,combee,Apis dorsata,Apis,Apidae
416,vespiquen,Apis dorsata,Apis,Apidae
417,pachirisu,Ratufa affinis,Ratufa,Sciuridae
418,buizel,Enhydra lutris,Enhydra,Mustelidae
419,floatzel,Enhydra lutris,Enhydra,Mustelidae
420,cherubi,Prunus avium,Prunus,Rosaceae
421,cherrim,Prunus avium,Prunus,Rosaceae
422,shellos,Chromodoris annae,Chromodoris,Chromodorididae
423,gastrodon,Chromodoris annae,Chromodoris,Chromodorididae
424,ambipom,Saguinus midas,Saguinus,Callitrichidae
425,drifloon,,,
426,drifblim,,,
427,buneary,Oryctolagus cuniculus,Oryctolagus,Leporidae
428,lopunny,Oryctolagus cuniculus,Oryctolagus,Leporidae
429,mismagius,Nyctibius grandis,Nyctibius,Nyctibiidae
430,honchkrow,Corvus corone,Corvus,Corvidae
431,glameow,Felis catus,Felis,Felidae
432,purugly,Felis catus,Felis,Felidae
433,chingling,Gambelia wislizenii,Gambelia,Crotaphytidae
434,stunky,Conepatus leuconotus,Conepatus,Mephitidae
435,skuntank,Conepatus leuconotus,Conepatus,Mephitidae
436,bronzor,,,
437,bronzong,,,
438,bonsly,Ficus carica,Ficus,Moraceae
439,mime-jr,Cimex lectularius,Cimex,Cimicidae
440,happiny,Dromiciops gliroides,Dromiciops,Microbiotheriidae
441,chatot,Agapornis personatus,Agapornis,Psittaculidae
442,spiritomb,,,
443,gible,Odontaspis ferox,Odontaspis,Odontaspididae
444,gabite,Odontaspis ferox,Odontaspis,Odontaspididae
445,garchomp,Odontaspis ferox,Odontaspis,Odontaspididae
446,munchlax,Ursus arctos,Ursus,Ursidae
447,riolu,Canis lupaster,Canis,Canidae
448,lucario,Canis lupaster,Canis,Canidae
449,hippopotas,Hippopotamus amphibius,Hippopotamus,Hippopotamidae
450,hippowdon,Hippopotamus amphibius,Hippopotamus,Hippopotamidae
451,skorupi,Pandinus imperator,Pandinus,Scorpionidae
452,drapion,Pandinus imperator,Pandinus,Scorpionidae
453,croagunk,Dendrobates tinctorius,Dendrobates,Dendrobatidae
454,toxicroak,Dendrobates tinctorius,Dendrobates,Dendrobatidae
455,carnivine,Dionaea muscipula,Dionaea,Droseraceae
456,finneon,Pantodon buchholzi,Pantodon,Pantodontidae
457,lumineon,Pantodon buchholzi,Pantodon,Pantodontidae
458,mantyke,Mobula alfredi,Mobula,Mobulidae
459,snover,Abies alba,Abies,Pinaceae
460,abomasnow,Abies alba,Abies,Pinaceae
461,weavile,Mustela haidarum,Mustela,Mustelidae
462,magnezone,Blattella germanica,Blattella,Ectobiidae
463,lickilicky,Plethodon cinereus,Plethodon,Plethodontidae
464,rhyperior,Rhinoceros unicornis,Rhinoceros,Rhinocerotidae
465,tangrowth,Selaginella lepidophylla,Selaginella,Selaginella
466,electivire,Panthera tigris,Panthera,Felidae
467,magmortar,Sula sula,Sula,Sulidae
468,togekiss,Aegithalos caudatus,Aegithalos,Aegithalidae
469,yanmega,Sympetrum pedemontanum,Sympetrum,Libellulidae
470,leafeon,Canis familiaris,Canis,Canidae
470,leafeon,Felis catus,Felis,Felidae
470,leafeon,Vulpes vulpes,Vulpes,Canidae
471,glaceon,Canis familiaris,Canis,Canidae
471,glaceon,Felis catus,Felis,Felidae
471,glaceon,Vulpes lagopus,Vulpes,Canidae
472,gliscor,Pandinus imperator,Pandinus,Scorpionidae
472,gliscor,Desmodus rotundus,Desmodus,Phyllostomidae
473,mamoswine,Sus scrofa,Sus,Suidae
474,porygon-z,Lonchura striata,Lonchura,Estrildidae
475,gallade,Eulamprus kosciuskoi,Eulamprus,Scincidae
476,probopass,Jubaea chilensis,Jubaea,Arecaceae
477,dusknoir,Strix occidentalis,Strix,Strigidae
478,froslass,Chionomys nivalis,Chionomys,Cricetidae
479,rotom,,,
480,uxie,,,
481,mesprit,,,
482,azelf,,,
483,dialga,,,
484,palkia,,,
485,heatran,,,
486,regigigas,,,
487,giratina-altered,,,
488,cresselia,,,
489,phione,,,
490,manaphy,,,
491,darkrai,,,
492,shaymin-land,,,
493,arceus,,,
494,victini,,,
495,snivy,Oxybelis fulgidus,Oxybelis,Colubridae
496,servine,Oxybelis fulgidus,Oxybelis,Colubridae
497,serperior,Oxybelis fulgidus,Oxybelis,Colubridae
498,tepig,Sus domesticus,Sus,Suidae
499,pignite,Sus domesticus,Sus,Suidae
500,emboar,Sus scrofa,Sus,Suidae
501,oshawott,Enhydra lutris,Enhydra,Mustelidae
502,dewott,Enhydra lutris,Enhydra,Mustelidae
503,samurott,Enhydra lutris,Enhydra,Mustelidae
504,patrat,Cynomys leucurus,Cynomys,Sciuridae
505,watchog,Cynomys leucurus,Cynomys,Sciuridae
506,lillipup,Canis familiaris,Canis,Canidae
507,herdier,Canis familiaris,Canis,Canidae
508,stoutland,Canis familiaris,Canis,Canidae
509,purrloin,Felis catus,Felis,Felidae
510,liepard,Felis catus,Felis,Felidae
511,pansage,Cebus capucinus,Cebus,Cebidae
512,simisage,Cebus capucinus,Cebus,Cebidae
513,pansear,Cebus capucinus,Cebus,Cebidae
514,simisear,Cebus capucinus,Cebus,Cebidae
515,panpour,Cebus capucinus,Cebus,Cebidae
516,simipour,Cebus capucinus,Cebus,Cebidae
517,munna,,,
518,musharna,,,
519,pidove,Columba livia,Columba,Columbidae
520,tranquill,Streptopelia orientalis,Streptopelia,Columbidae
521,unfezant,Lophura diardi,Lophura,Phasianidae
522,blitzle,Equus grevyi,Equus,Equidae
523,zebstrika,Equus grevyi,Equus,Equidae
524,roggenrola,Schistostega pennata,Schistostega,Schistostegaceae
525,boldore,Schistostega pennata,Schistostega,Schistostegaceae
526,gigalith,Schistostega pennata,Schistostega,Schistostegaceae
527,woobat,Ectophylla alba,Ectophylla,Phyllostomidae
528,swoobat,Ectophylla alba,Ectophylla,Phyllostomidae
529,drilbur,Talpa europaea,Talpa,Talpidae
530,excadrill,Talpa europaea,Talpa,Talpidae
531,audino,Oryctolagus cuniculus,Oryctolagus,Leporidae
532,timburr,,,
533,gurdurr,,,
534,conkeldurr,,,
535,tympole,Spea hammondii,Spea,Scaphiopodidae
536,palpitoad,Spea hammondii,Spea,Scaphiopodidae
537,seismitoad,Spea hammondii,Spea,Scaphiopodidae
538,throh,,,
539,sawk,,,
540,sewaddle,Epargyreus clarus,Epargyreus,Hesperiidae
541,swadloon,Epargyreus clarus,Epargyreus,Hesperiidae
542,leavanny,Epargyreus clarus,Epargyreus,Hesperiidae
543,venipede,Trachysphaera lobata,Trachysphaera,Glomeridae
544,whirlipede,Trachysphaera lobata,Trachysphaera,Glomeridae
545,scolipede,Scolopendra gigantea,Scolopendra,Scolopendridae
546,cottonee,Gossypium barbadense,Gossypium,Malvaceae
547,whimsicott,Gossypium barbadense,Gossypium,Malvaceae
548,petilil,Cardiocrinum cordatum,Cardiocrinum,Liliaceae
549,lilligant,Cardiocrinum cordatum,Cardiocrinum,Liliaceae
550,basculin-red-striped,Micropterus nigricans,Micropterus,Centrarchidae
551,sandile,Caiman crocodilus,Caiman,Alligatoridae
552,krokorok,Caiman crocodilus,Caiman,Alligatoridae
553,krookodile,Mecistops cataphractus,Mecistops,Crocodylidae
554,darumaka,,,
554,darumaka-galar,,,
555,darmanitan,,,
555,darmanitan-galar,,,
556,maractus,Opuntia microdasys,Opuntia,Cactaceae
557,dwebble,Coenobita brevimanus,Coenobita,Coenobitidae
558,crustle,Coenobita brevimanus,Coenobita,Coenobitidae
559,scraggy,,,
560,scrafty,,,
561,sigilyph,,,
562,yamask,,,
563,cofagrigus,,,
564,tirtouga,Dermochelys coriacea,Dermochelys,Dermochelyidae
565,carracosta,Dermochelys coriacea,Dermochelys,Dermochelyidae
566,archen,,,
567,archeops,,,
568,trubbish,,,
569,garbodor,,,
570,zorua-hisui,Vulpes lagopus,Vulpes,Canidae
570,zorua,Vulpes vulpes,Vulpes,Canidae
571,zoroark-hisui,Vulpes lagopus,Vulpes,Canidae
571,zoroark,Vulpes vulpes,Vulpes,Canidae
572,minccino,Chinchilla chinchilla,Chinchilla,Chinchillidae
573,cinccino,Chinchilla chinchilla,Chinchilla,Chinchillidae
574,gothita,,,
575,gothorita,,,
576,gothitelle,,,
577,solosis,,,
578,duosion,,,
579,reuniclus,,,
580,ducklett,Hymenolaimus malacorhynchos,Hymenolaimus,Anatidae
581,swanna,Cygnus olor,Cygnus,Anatidae
582,vanillite,Urocitellus parryii,Urocitellus,Sciuridae
583,vanillish,Urocitellus parryii,Urocitellus,Sciuridae
584,vanilluxe,Urocitellus parryii,Urocitellus,Sciuridae
585,deerling,Cervus nippon,Cervus,Cervidae
586,sawsbuck,Cervus nippon,Cervus,Cervidae
587,emolga,Pteromys momonga,Pteromys,Sciuridae
588,karrablast,Carabus intricatus,Carabus,Carabidae
589,escavalier,Scaphinotus cristatus,Scaphinotus,Carabidae
590,foongus,Amanita muscaria,Amanita,Amanitaceae
591,amoonguss,Amanita muscaria,Amanita,Amanitaceae
592,frillish,Stygiomedusa gigantea,Stygiomedusa,Ulmaridae
593,jellicent,Stygiomedusa gigantea,Stygiomedusa,Ulmaridae
594,alomomola,Mola mola,Mola,Molidae
595,joltik,Carios vespertilionis,Carios,Argasidae
596,galvantula,Theraphosa blondi,Theraphosa,Theraphosidae
597,ferroseed,Xanthium strumarium,Xanthium,Asteraceae
598,ferrothorn,Xanthium strumarium,Xanthium,Asteraceae
599,klink,,,
600,klang,,,
601,klinklang,,,
602,tynamo,Electrophorus electricus,Electrophorus,Gymnotidae
603,eelektrik,Electrophorus electricus,Electrophorus,Gymnotidae
604,eelektross,Electrophorus electricus,Electrophorus,Gymnotidae
605,elgyem,,,
606,beheeyem,,,
607,litwick,,,
608,lampent,,,
609,chandelure,,,
610,axew,,,
611,fraxure,,,
612,haxorus,,,
613,cubchoo,Ursus maritimus,Ursus,Ursidae
614,beartic,Ursus maritimus,Ursus,Ursidae
615,cryogonal,,,
616,shelmet,Chrysomallon squamiferum,Chrysomallon,Peltospiridae
617,accelgor,Chrysomallon squamiferum,Chrysomallon,Peltospiridae
618,stunfisk-galar,Clidoderma asperrimum,Clidoderma,Pleuronectidae
618,stunfisk,Clidoderma asperrimum,Clidoderma,Pleuronectidae
619,mienfoo,Mustela erminea,Mustela,Mustelidae
620,mienshao,Mustela erminea,Mustela,Mustelidae
621,druddigon,,,
622,golett,,,
623,golurk,,,
624,pawniard,,,
625,bisharp,,,
626,bouffalant,Bison bison,Bison,Bovidae
627,rufflet,Haliaeetus leucocephalus,Haliaeetus,Accipitridae
628,braviary,Haliaeetus leucocephalus,Haliaeetus,Accipitridae
629,vullaby,Gypaetus barbatus,Gypaetus,Accipitridae
630,mandibuzz,Gypaetus barbatus,Gypaetus,Accipitridae
631,heatmor,Myrmecophaga tridactyla,Myrmecophaga,Myrmecophagidae
632,durant,Cataglyphis bombycina,Cataglyphis,Formicidae
633,deino,,,
634,zweilous,,,
635,hydreigon,,,
636,larvesta,Attacus atlas,Attacus,Saturniidae
637,volcarona,Attacus atlas,Attacus,Saturniidae
638,cobalion,,,
639,terrakion,,,
640,virizion,,,
641,tornadus-incarnate,,,
642,thundurus-incarnate,,,
643,reshiram,,,
644,zekrom,,,
645,landorus-incarnate,,,
646,kyurem,,,
647,keldeo-ordinary,,,
648,meloetta-aria,,,
649,genesect,,,
650,chespin,Castanea dentata,Castanea,Fagaceae
651,quilladin,Castanea dentata,Castanea,Fagaceae
652,chesnaught,Castanea dentata,Castanea,Fagaceae
653,fennekin,Vulpes zerda,Vulpes,Canidae
654,braixen,Vulpes zerda,Vulpes,Canidae
655,delphox,Vulpes zerda,Vulpes,Canidae
656,froakie,Chiromantis xerampelina,Chiromantis,Rhacophoridae
657,frogadier,Chiromantis xerampelina,Chiromantis,Rhacophoridae
658,greninja,Chiromantis xerampelina,Chiromantis,Rhacophoridae
659,bunnelby,Sylvilagus floridanus,Sylvilagus,Leporidae
660,diggersby,Sylvilagus floridanus,Sylvilagus,Leporidae
661,fletchling,Larvivora akahige,Larvivora,Muscicapidae
662,fletchinder,Larvivora akahige,Larvivora,Muscicapidae
663,talonflame,Larvivora akahige,Larvivora,Muscicapidae
664,scatterbug,Trichophaga tapetzella,Trichophaga,Tineidae
665,spewpa,Trichophaga tapetzella,Trichophaga,Tineidae
666,vivillon,Papilio dardanus,Papilio,Papilionidae
667,litleo,Panthera leo,Panthera,Felidae
668,pyroar,Panthera leo,Panthera,Felidae
669,flabebe,Echinacea paradoxa,Echinacea,Asteraceae
670,floette,Echinacea paradoxa,Echinacea,Asteraceae
671,florges,Echinacea paradoxa,Echinacea,Asteraceae
672,skiddo,Capra hircus,Capra,Bovidae
673,gogoat,Capra hircus,Capra,Bovidae
674,pancham,Ailuropoda melanoleuca,Ailuropoda,Ursidae
675,pangoro,Ailuropoda melanoleuca,Ailuropoda,Ursidae
676,furfrou,Canis familiaris,Canis,Canidae
677,espurr,Felis catus,Felis,Felidae
678,meowstic-male,Felis catus,Felis,Felidae
679,honedge,,,
680,doublade,,,
681,aegislash-shield,,,
682,spritzee,Trochilus scitulus,Trochilus,Trochilidae
683,aromatisse,Trochilus scitulus,Trochilus,Trochilidae
684,swirlix,,,
685,slurpuff,,,
686,inkay,Sepia officinalis,Sepia,Sepiidae
687,malamar,Sepia officinalis,Sepia,Sepiidae
688,binacle,Pollicipes pollicipes,Pollicipes,Pollicipedidae
689,barbaracle,Pollicipes pollicipes,Pollicipes,Pollicipedidae
690,skrelp,Phyllopteryx taeniolatus,Phyllopteryx,Syngnathidae
691,dragalge,Phyllopteryx taeniolatus,Phyllopteryx,Syngnathidae
692,clauncher,Procambarus alleni,Procambarus,Cambaridae
693,clawitzer,Procambarus alleni,Procambarus,Cambaridae
694,helioptile,Chlamydosaurus kingii,Chlamydosaurus,Agamidae
695,heliolisk,Chlamydosaurus kingii,Chlamydosaurus,Agamidae
696,tyrunt,,,
697,tyrantrum,,,
698,amaura,,,
699,aurorus,,,
700,sylveon,Canis familiaris,Canis,Canidae
700,sylveon,Felis catus,Felis,Felidae
700,sylveon,Oryctolagus cuniculus,Oryctolagus,Leporidae
701,hawlucha,Aquila chrysaetos,Aquila,Accipitridae
702,dedenne,Glis glis,Glis,Gliridae
703,carbink,,,
704,goomy,Glaucus atlanticus,Glaucus,Glaucus
705,sliggoo,Glaucus atlanticus,Glaucus,Glaucus
706,goodra,Glaucus atlanticus,Glaucus,Glaucus
707,klefki,,,
708,phantump,Populus grandidentata,Populus,Salicaceae
709,trevenant,Populus grandidentata,Populus,Salicaceae
710,pumpkaboo-average,Cucurbita maxima,Cucurbita,Cucurbitaceae
711,gourgeist-average,Cucurbita maxima,Cucurbita,Cucurbitaceae
712,bergmite,,,
713,avalugg,,,
713,avalugg-hisui,,,
714,noibat,Acerodon jubatus,Acerodon,Pteropodidae
715,noivern,Acerodon jubatus,Acerodon,Pteropodidae
716,xerneas,,,
717,yveltal,,,
718,zygarde-50,,,
719,diancie,,,
720,hoopa,,,
721,volcanion,,,
722,rowlet,Tyto furcata,Tyto,Tytonidae
723,dartrix,Tyto furcata,Tyto,Tytonidae
724,decidueye,Tyto furcata,Tyto,Tytonidae
725,litten,Felis catus,Felis,Felidae
726,torracat,Felis catus,Felis,Felidae
727,incineroar,Felis catus,Felis,Felidae
728,popplio,Neomonachus schauinslandi,Neomonachus,Phocidae
729,brionne,Neomonachus schauinslandi,Neomonachus,Phocidae
730,primarina,Neomonachus schauinslandi,Neomonachus,Phocidae
731,pikipek,Dryocopus pileatus,Dryocopus,Picidae
732,trumbeak,Dryocopus pileatus,Dryocopus,Picidae
733,toucannon,Ramphastos toco,Ramphastos,Ramphastidae
734,yungoos,Urva auropunctata,Urva,Herpestidae
735,gumshoos,Urva auropunctata,Urva,Herpestidae
736,grubbin,Cyclommatus metallifer,Cyclommatus,Lucanidae
737,charjabug,Cyclommatus metallifer,Cyclommatus,Lucanidae
738,vikavolt,Cyclommatus metallifer,Cyclommatus,Lucanidae
739,crabrawler,Birgus latro,Birgus,Coenobitidae
740,crabominable,Birgus latro,Birgus,Coenobitidae
741,oricorio-baile,Chlorodrepanis virens,Chlorodrepanis,Fringillidae
742,cutiefly,Anastoechus melanohalteralis,Anastoechus,Bombyliidae
743,ribombee,Anastoechus melanohalteralis,Anastoechus,Bombyliidae
744,rockruff,Canis lupus,Canis,Canidae
745,lycanroc-midday,Canis lupus,Canis,Canidae
746,wishiwashi-solo,Sardinops sagax,Sardinops,Alosidae
747,mareanie,Acanthaster planci,Acanthaster,Acanthasteridae
748,toxapex,Acanthaster planci,Acanthaster,Acanthasteridae
749,mudbray,Equus africanus,Equus,Equidae
750,mudsdale,Equus ferus,Equus,Equidae
751,dewpider,Argyroneta aquatica,Argyroneta,Argyronetidae
752,araquanid,Argyroneta aquatica,Argyroneta,Argyronetidae
753,fomantis,Hymenopus coronatus,Hymenopus,Hymenopodidae
754,lurantis,Hymenopus coronatus,Hymenopus,Hymenopodidae
755,morelull,Mycena galericulata,Mycena,Mycenaceae
756,shiinotic,Mycena galericulata,Mycena,Mycenaceae
757,salandit,Cynops pyrrhogaster,Cynops,Salamandridae
758,salazzle,Cynops pyrrhogaster,Cynops,Salamandridae
759,stufful,,,
760,bewear,,,
761,bounsweet,Garcinia mangostana,Garcinia,Clusiaceae
762,steenee,Garcinia mangostana,Garcinia,Clusiaceae
763,tsareena,Garcinia mangostana,Garcinia,Clusiaceae
764,comfey,,,
765,oranguru,Pongo pygmaeus,Pongo,Hominidae
766,passimian,Varecia variegata,Varecia,Lemuridae
767,wimpod,Bathynomus doederleini,Bathynomus,Cirolanidae
768,golisopod,Bathynomus doederleini,Bathynomus,Cirolanidae
769,sandygast,,,
770,palossand,,,
771,pyukumuku,Holothuria tubulosa,Holothuria,Holothuriidae
772,type-null,,,
773,silvally,,,
774,minior-red-meteor,,,
775,komala,Phascolarctos cinereus,Phascolarctos,Phascolarctidae
776,turtonator,Chelus fimbriata,Chelus,Chelidae
777,togedemaru,Tokudaia osimensis,Tokudaia,Muridae
778,mimikyu-disguised,,,
779,bruxish,Rhinecanthus rectangulus,Rhinecanthus,Balistidae
780,drampa,,,
781,dhelmise,,,
782,jangmo-o,,,
783,hakamo-o,,,
784,kommo-o,,,
785,tapu-koko,,,
786,tapu-lele,,,
787,tapu-bulu,,,
788,tapu-fini,,,
789,cosmog,,,
790,cosmoem,,,
791,solgaleo,Panthera leo,Panthera,Felidae
792,lunala,Macroderma gigas,Macroderma,Megadermatidae
793,nihilego,,,
794,buzzwole,,,
795,pheromosa,,,
796,xurkitree,,,
797,celesteela,,,
798,kartana,,,
799,guzzlord,,,
800,necrozma,,,
801,magearna,,,
802,marshadow,,,
803,poipole,,,
804,naganadel,,,
805,stakataka,,,
806,blacephalon,,,
807,zeraora,Panthera tigris,Panthera,Felidae
808,meltan,,,
809,melmetal,,,
810,grookey,Saimiri boliviensis,Saimiri,Cebidae
811,thwackey,Macaca sylvanus,Macaca,Cercopithecidae
812,rillaboom,Gorilla gorilla,Gorilla,Hominidae
813,scorbunny,Romerolagus diazi,Romerolagus,Leporidae
814,raboot,Romerolagus diazi,Romerolagus,Leporidae
815,cinderace,Romerolagus diazi,Romerolagus,Leporidae
816,sobble,Chamaeleo calyptratus,Chamaeleo,Chamaeleonidae
817,drizzile,Chamaeleo calyptratus,Chamaeleo,Chamaeleonidae
818,inteleon,Basiliscus basiliscus,Basiliscus,Corytophanidae
819,skwovet,Sciurus carolinensis,Sciurus,Sciuridae
820,greedent,Sciurus vulgaris,Sciurus,Sciuridae
821,rookidee,Cyanistes caeruleus,Cyanistes,Paridae
822,corvisquire,Corvus cornix,Corvus,Corvidae
823,corviknight,Corvus cornix,Corvus,Corvidae
824,blipbug,Arawana arizonica,Arawana,Coccinellidae
825,dottler,Arawana arizonica,Arawana,Coccinellidae
826,orbeetle,Arawana arizonica,Arawana,Coccinellidae
827,nickit,Vulpes vulpes,Vulpes,Canidae
828,thievul,Vulpes vulpes,Vulpes,Canidae
829,gossifleur,Gossypium arboreum,Gossypium,Malvaceae
830,eldegoss,Gossypium arboreum,Gossypium,Malvaceae
831,wooloo,Ovis aries,Ovis,Caprinae
832,dubwool,Ovis aries,Ovis,Caprinae
833,chewtle,Chelydra serpentina,Chelydra,Chelydridae
834,drednaw,Chelydra serpentina,Chelydra,Chelydridae
835,yamper,Canis familiaris,Canis,Canidae
836,boltund,Canis familiaris,Canis,Canidae
837,rolycoly,,,
838,carkol,,,
839,coalossal,,,
840,applin,Malus domestica,Malus,Rosaceae
841,flapple,Malus domestica,Malus,Rosaceae
842,appletun,Malus domestica,Malus,Rosaceae
843,silicobra,Naja,Naja ashei,Elapidae
844,sandaconda,Naja,Naja ashei,Elapidae
845,cramorant,Phalacrocorax carbo,Phalacrocorax,Phalacrocoracidae
846,arrokuda,Esox lucius,Esox,Esocidae
847,barraskewda,Esox lucius,Esox,Esocidae
848,toxel,Atelopus barbotini,Atelopus,Bufonidae
849,toxtricity-amped,Atelopus barbotini,Atelopus,Bufonidae
850,sizzlipede,Motyxia kerna,Motyxia,Xystodesmidae
851,centiskorch,Motyxia kerna,Motyxia,Xystodesmidae
852,clobbopus,Argonauta argo,Argonauta,Argonautidae
853,grapploct,Argonauta argo,Argonauta,Argonautidae
854,sinistea,,,
855,polteageist,,,
856,hatenna,,,
857,hattrem,,,
858,hatterene,,,
859,impidimp,,,
860,morgrem,,,
861,grimmsnarl,,,
862,obstagoon,Meles meles,Meles,Mustelidae
863,perrserker,Felis catus,Felis,Felidae
864,cursola,Acropora cervicornis,Acropora,Acroporidae
865,sirfetchd,Anas platyrhynchos,Anas,Anatidae
866,mr-rime,Cimex lectularius,Cimex,Cimicidae
867,runerigus,,,
868,milcery,,,
869,alcremie,,,
870,falinks,,,
871,pincurchin,Echinometra mathaei,Echinometra,Echinometridae
872,snom,Gynaephora groenlandica,Gynaephora,Erebidae
873,frosmoth,Gynaephora groenlandica,Gynaephora,Erebidae
874,stonjourner,,,
875,eiscue-ice,Alca torda,Alca,Alcidae
876,indeedee-male,,,
877,morpeko-full-belly,Mesocricetus auratus,Mesocricetus,Cricetidae
878,cufant,Elephas maximus,Elephas,Elephantidae
879,copperajah,Elephas maximus,Elephas,Elephantidae
880,dracozolt,,,
881,arctozolt,,,
882,dracovish,,,
883,arctovish,,,
884,duraludon,Cyclura cornuta,Cyclura,Iguanidae
885,dreepy,Proteus anguinus,Proteus,Proteidae
886,drakloak,Proteus anguinus,Proteus,Proteidae
887,dragapult,Proteus anguinus,Proteus,Proteidae
888,zacian,Canis rufus,Canis,Canidae
889,zamazenta,Canis rufus,Canis,Canidae
890,eternatus,,,
891,kubfu,Ursus thibetanus,Ursus,Ursidae
892,urshifu-single-strike,Ursus thibetanus,Ursus,Ursidae
893,zarude,Papio papio,Papio,Cercopithecidae
894,regieleki,,,
895,regidrago,,,
896,glastrier,Equus ferus,Equus,Equidae
897,spectrier,Equus ferus,Equus,Equidae
898,calyrex,Lepus arcticus,Lepus,Leporidae
899,wyrdeer,Cervus nippon,Cervus,Cervidae
900,kleavor,Deroplatys desiccata,Deroplatys,Deroplatyidae
901,ursaluna,Ursus arctos,Ursus,Ursidae
902,basculegion-male,Parahucho perryi,Parahucho,Salmonidae
903,sneasler,Mustela haidarum,Mustela,Mustelidae
904,overqwil,Allomycterus pilatus,Allomycterus,Diodontidae
905,enamorus-incarnate,,,
906,sprigatito,Felis catus,Felis,Felidae
907,floragato,Felis catus,Felis,Felidae
908,meowscarada,Felis catus,Felis,Felidae
909,fuecoco,Crocodylus acutus,Crocodylus,Crocodylidae
910,crocalor,Crocodylus acutus,Crocodylus,Crocodylidae
911,skeledirge,Crocodylus acutus,Crocodylus,Crocodylidae
912,quaxly,Anas platyrhynchos,Anas,Anatidae
913,quaxwell,Anas platyrhynchos,Anas,Anatidae
914,quaquaval,Anas platyrhynchos,Anas,Anatidae
915,lechonk,Sus domesticus,Sus,Suidae
916,oinkologne-male,Sus domesticus,Sus,Suidae
917,tarountula,Eridantes erigonoides,Eridantes,Linyphiidae
918,spidops,Eridantes erigonoides,Eridantes,Linyphiidae
919,nymble,Pseudochorthippus parallelus,Pseudochorthippus,Acrididae
920,lokix,Pseudochorthippus parallelus,Pseudochorthippus,Acrididae
921,pawmi,Marmota marmota,Marmota,Sciuridae
922,pawmo,Marmota marmota,Marmota,Sciuridae
923,pawmot,Marmota marmota,Marmota,Sciuridae
924,tandemaus,Mus musculus,Mus,Muridae
925,maushold-family-of-four,Mus musculus,Mus,Muridae
926,fidough,Canis familiaris,Canis,Canidae
927,dachsbun,Canis familiaris,Canis,Canidae
928,smoliv,Olea europaea,Olea,Oleaceae
929,dolliv,Olea europaea,Olea,Oleaceae
930,arboliva,Olea europaea,Olea,Oleaceae
931,squawkabilly-green-plumage,Myiopsitta monachus,Myiopsitta,Psittacidae
932,nacli,,,
933,naclstack,,,
934,garganacl,,,
935,charcadet,,,
936,armarouge,,,
937,ceruledge,,,
938,tadbulb,Physalaemus nattereri,Physalaemus,Leptodactylidae
939,bellibolt,Physalaemus nattereri,Physalaemus,Leptodactylidae
940,wattrel,Hydrobates hornbyi,Hydrobates,Hydrobatidae
941,kilowattrel,Hydrobates hornbyi,Hydrobates,Hydrobatidae
942,maschiff,Canis familiaris,Canis,Canidae
943,mabosstiff,Canis familiaris,Canis,Canidae
944,shroodle,Sorex granarius,Sorex,Soricidae
945,grafaiai,Daubentonia madagascariensis,Daubentonia,Daubentoniidae
946,bramblin,Salsola tragus,Salsola,Amaranthaceae
947,brambleghast,Salsola tragus,Salsola,Amaranthaceae
948,toedscool,Auricularia cornea,Auricularia,Auriculariaceae
949,toedscruel,Auricularia cornea,Auricularia,Auriculariaceae
950,klawf,Erimacrus isenbeckii,Erimacrus,Cheiragonidae
951,capsakid,Capsicum chinense,Capsicum,Solanaceae
952,scovillain,Capsicum chinense,Capsicum,Solanaceae
953,rellor,Sisyphus schaefferi,Sisyphus,Scarabaeidae
954,rabsca,Sisyphus schaefferi,Sisyphus,Scarabaeidae
955,flittle,,,
956,espathra,,,
957,tinkatink,,,
958,tinkatuff,,,
959,tinkaton,,,
960,wiglett,Gorgasia punctata,Gorgasia,Congridae
961,wugtrio,Gorgasia punctata,Gorgasia,Congridae
962,bombirdier,Ciconia ciconia,Ciconia,Ciconiidae
963,finizen,Tursiops truncatus,Tursiops,Delphinidae
964,palafin-zero,Tursiops truncatus,Tursiops,Delphinidae
965,varoom,,,
966,revavroom,,,
967,cyclizar,Sitana ponticeriana,Sitana,Agamidae
968,orthworm,Lumbricus terrestris,Lumbricus,Lumbricidae
969,glimmet,,,
970,glimmora,,,
971,greavard,Canis familiaris,Canis,Canidae
972,houndstone,Canis familiaris,Canis,Canidae
973,flamigo,Phoenicopterus ruber,Phoenicopterus,Phoenicopteridae
974,cetoddle,Balaena mysticetus,Balaena,Balaenidae
975,cetitan,Balaena mysticetus,Balaena,Balaenidae
976,veluza,Merluccius merluccius,Merluccius,Merlucciidae
977,dondozo,Silurus glanis,Silurus,Siluridae
978,tatsugiri-curly,Polypterus senegalus,Polypterus,Polypteridae
979,annihilape,Macaca nemestrina,Macaca,Cercopithecidae
980,clodsire,Pleurodeles waltl,Pleurodeles,Salamandridae
981,farigiraf,Giraffa giraffa,Giraffa,Giraffidae
982,dudunsparce-two-segment,Cirriformia capensis,Cirriformia,Cirratulidae
983,kingambit,,,
984,great-tusk,Elephas maximus,Elephas,Elephantidae
985,scream-tail,Oryctolagus cuniculus,Oryctolagus,Leporidae
986,brute-bonnet,Amanita muscaria,Amanita,Amanitaceae
987,flutter-mane,Nyctibius grandis,Nyctibius,Nyctibiidae
988,slither-wing,Attacus atlas,Attacus,Saturniidae
989,sandy-shocks,Blattella germanica,Blattella,Ectobiidae
990,iron-treads,Elephas maximus,Elephas,Elephantidae
991,iron-bundle,Eudyptes moseleyi,Eudyptes,Spheniscidae
992,iron-hands,,,
993,iron-jugulis,,,
994,iron-moth,Attacus atlas,Attacus,Saturniidae
995,iron-thorns,Amblyrhynchus cristatus,Amblyrhynchus,Iguanidae
996,frigibax,,,
997,arctibax,,,
998,baxcalibur,,,
999,gimmighoul,,,
1000,gholdengo,,,
1001,wo-chien,Rumina decollata,Rumina,Achatinidae
1002,chien-pao,Panthera uncia,Panthera,Felidae
1003,ting-lu,Elaphurus davidianus,Elaphurus,Cervidae
1004,chi-yu,Carassius auratus,Carassius,Cyprinidae
1005,roaring-moon,,,
1006,iron-valiant,,,
1007,koraidon,,,
1008,miraidon,,,
1009,walking-wake,Panthera pardus,Panthera,Felidae
1010,iron-leaves,,,
1011,dipplin,Malus domestica,Malus,Rosaceae
1012,poltchageist,,,
1013,sinistcha,,,
1014,okidogi,Canis familiaris,Canis,Canidae
1015,munkidori,Macaca fuscata,Macaca,Cercopithecidae
1016,fezandipiti,Syrmaticus soemmerringii,Syrmaticus,Phasianidae
1017,ogerpon,,,
1018,archaludon,,,
1019,hydrapple,Malus domestica,Malus,Rosaceae
1020,gouging-fire,Panthera leo,Panthera,Felidae
1021,raging-bolt,Panthera tigris,Panthera,Felidae
1022,iron-boulder,,,
1023,iron-crown,,,
1024,terapagos,Chelonia mydas,Chelonia,Cheloniidae
1025,pecharunt,Prunus persica,Prunus,Rosaceae
